{"root":[{"assemblyName":"Unity.VisualScripting.Core","nameSpace":"Unity.VisualScripting","className":"RuntimeVSUsageUtility","methodName":"RuntimeInitializeOnLoadBeforeSceneLoad","loadTypes":1,"isUnityClass":true},{"assemblyName":"Animancer.Lite","nameSpace":"Animancer","className":"Validate","methodName":"\u206a\u206f\u200b\u206b\u200b\u200d\u206d\u200f\u202b\u200e\u202e\u202b\u206d\u202e\u200e\u200f\u200d\u206f\u206f\u206f\u200c\u206e\u206b\u200e\u200f\u206d\u200d\u206f\u202a\u200e\u206d\u202a\u200e\u206b\u206b\u200e\u200c\u202b\u200e\u202e","loadTypes":4,"isUnityClass":false}]}
